"","home_win_pct","away_win_pct","opposing_team","day_of_week_effect","temp","pct_season_completed","is_bobblehead","attendance"
"1",-0.560475646552213,-2.50791780219725,9,2,-1.05062867965275,0.467012758133933,0,15573
"2",-0.23017748948328,-1.56528176503053,17,5,2.73520918962219,0.225446737837046,0,18525
"3",1.55870831414912,-0.0776732006105648,29,3,0.0925629378272146,0.203879232285544,0,28218
"4",0.070508391424576,0.206294044843098,27,3,0.0602535760786764,0.0525697930715978,0,26194
"5",0.129287735160946,0.276872458861614,23,4,-0.0665452110108605,0.585193910868838,0,25775
"6",1.71506498688328,0.821506780448618,25,6,1.84364554004006,0.967491561779752,0,38146
"7",0.460916205989202,-0.194152409320457,27,7,0.663927110403606,0.0534878964535892,0,32292
"8",-1.26506123460653,1.21458879448256,18,2,-0.250990643747969,0.718024169793352,0,17968
"9",-0.686852851893526,-0.921516042869578,11,1,-1.16618980661084,0.00158952898345888,0,26164
"10",-0.445661970099958,-1.20844272044307,22,5,-1.03872776071744,0.989689350361004,0,25909
"11",1.22408179743946,-1.22898617755381,15,1,-0.78498930533731,0.969953203573823,0,37245
"12",0.359813827057364,0.742297024186518,1,2,1.21494843097831,0.699627527967095,0,22354
"13",0.400771450594052,-0.082919942339226,20,3,-0.188981575770903,0.77555345161818,0,26304
"14",0.11068271594512,0.789817921820499,12,2,-0.757198622679825,0.44760591420345,1,23918
"15",-0.555841134754075,-0.267706421557085,28,6,0.792059477880274,0.737197290640324,0,28928
"16",1.78691313680308,-0.591892102212813,4,5,1.34518001902217,0.677685087313876,0,35602
"17",0.497850478229239,-0.368352575126506,11,6,-0.694531484071315,0.0126592507585883,0,31547
"18",-1.96661715662964,-1.85261682424173,27,2,-0.444932544042374,0.536362443119287,0,9761
"19",0.701355901563686,-1.16961526041411,24,2,0.345284186723786,0.750837987987325,0,25372
"20",-0.472791407727934,-1.44203464635845,15,4,-0.00484443653596692,0.0203451223205775,0,19080
"21",-1.06782370598685,1.05432227197535,1,4,0.406366471484777,0.698403479531407,0,23367
"22",-0.217974914658295,-0.5973300913628,8,5,1.71419852577143,0.851750113070011,0,21613
"23",-1.02600444830724,0.78945985279018,9,4,-0.0603865541209644,0.469051227206364,0,23358
"24",-0.72889122929114,1.51649060169196,20,1,-0.280702267534243,0.260047630174085,0,31921
"25",-0.625039267849257,-0.191774809109942,3,7,0.485414460894456,0.79532520682551,0,35804
"26",-1.68669331074241,0.283878906352351,28,7,-0.049344529739962,0.425161100225523,0,28352
"27",0.837787044494525,-1.75106751939608,26,7,0.627765061532786,0.86876432551071,0,31172
"28",0.153373117836515,-0.818669777519803,9,6,-0.223971151420257,0.628848257707432,0,29886
"29",-1.13813693701195,0.0562148493828386,13,3,0.443522714401107,0.451384723186493,0,18993
"30",1.25381492106993,0.299086903336152,10,5,-1.56374070756789,0.520024143625051,0,34599
"31",0.426464221476814,-0.759398117298882,11,4,0.0139036583033916,0.974132789066061,0,26530
"32",-0.295071482992271,2.6848589992268,9,1,-0.516215987283684,0.683520014164969,0,33352
"33",0.895125661045022,-0.458390139092389,27,6,-1.19054257551753,0.838512474671006,0,37368
"34",0.878133487533042,0.0642435566300379,9,6,-0.413069207837028,0.394788795383647,0,36318
"35",0.821581081637487,0.649791867153518,26,1,0.371994945422908,0.889596561202779,0,31935
"36",0.688640254100091,-0.0260186347739953,24,7,0.0923429640204638,0.0255409150850028,0,33981
"37",0.553917653537589,-0.643567387027114,6,3,0.693483762521126,0.376336173387244,0,22268
"38",-0.0619117105767217,1.04530566396331,7,5,0.940899243153547,0.68430032231845,0,35076
"39",-0.305962663739917,1.6155453232072,20,6,0.828464029727859,0.447839061496779,0,30808
"40",-0.380471001012383,-0.0296939710498354,14,5,-0.324489176475348,0.213579809758812,0,28014
"41",-0.694706978920513,0.562267345403066,4,3,-1.32815619805706,0.178111643763259,0,24994
"42",-0.207917278019599,-0.0974124985026302,5,3,-0.280334969912362,0.680518348235637,1,26647
"43",-1.26539635156826,1.01645521770216,10,4,1.16965543651082,0.658131538890302,0,23330
"44",2.16895596533851,-1.15616739425985,18,1,-0.121476364908072,0.421065513277426,1,37220
"45",1.20796199830499,2.32086022399448,28,4,-1.63729165104512,0.604114447254688,0,35786
"46",-1.12310858320335,-0.603531247788338,13,5,0.491383222869776,0.400655191857368,1,23255
"47",-0.402884835299076,-1.45884941443809,27,2,0.281819310693371,0.536366353975609,0,15545
"48",-0.466655353623219,-0.35091782719307,3,7,-0.400603355192185,0.847142406273633,0,33625
"49",0.779965118336318,0.146708484145002,26,2,0.173361502856003,0.248034642310813,0,24625
"50",-0.0833690664718293,1.62362120768023,8,5,1.36938766954533,0.681773607153445,0,28499
"51",0.253318513994755,0.91120967677132,9,3,1.29919609375684,0.408280851319432,0,28055
"52",-0.028546755348703,0.142458432045787,5,1,-0.456296893545459,0.540271865436807,0,37294
"53",-0.0428704572913161,-1.38948352398816,1,3,0.010664861858056,0.976433981908485,0,20203
"54",1.36860228401446,-0.866037744672114,3,7,-1.45408914493424,0.59555138158612,0,42054
"55",-0.225770985659268,-0.163284932229294,4,6,-0.727753325968744,0.176403249148279,0,30247
"56",1.51647060442954,2.55302611346059,6,3,2.00824039746518,0.883666211273521,0,32461
"57",-1.54875280423022,-1.86022757421841,25,7,1.49800968551095,0.342338145012036,0,24066
"58",0.584613749636069,1.13105465184602,1,5,-0.229254725283134,0.846360902534798,0,31786
"59",0.123854243844614,-0.527234257233921,12,4,-0.692465145302773,0.0802439474500716,1,23451
"60",0.215941568743973,1.66599089998742,27,6,-1.3666232971684,0.0625155211891979,0,30931
"61",0.379639482759882,-1.1392006399734,1,5,2.1260518537637,0.107352920109406,0,26330
"62",-0.502323453109302,0.143623234662747,9,3,0.114629724838474,0.854076990159228,0,22449
"63",-0.33320738366942,-1.09955094170275,13,4,-0.593948909367117,0.387146052438766,0,23658
"64",-1.01857538310709,0.903516426361675,17,5,1.07806733795125,0.877374769421294,0,23698
"65",-1.07179122647558,1.48377948873809,27,6,-1.09958583285891,0.34779244591482,0,29575
"66",0.303528641404258,1.95072100640115,15,3,0.726564197606452,0.373029881622642,0,25310
"67",0.448209778629426,0.797600657589519,22,5,1.4408703022386,0.268649830715731,0,29256
"68",0.0530042267305041,1.84326625457782,18,4,-0.210170159621664,0.475032834103331,0,29511
"69",0.922267467879738,1.24642390866165,6,5,1.45128094388337,0.21951143280603,0,30967
"70",2.05008468562714,-0.131874911824015,15,7,0.641551431409249,0.807745166355744,0,39522
"71",-0.491031166056535,0.4770372382847,2,7,-0.678807618879959,0.422059750882909,0,36219
"72",-2.30916887564081,-0.971994211475933,23,6,0.574312736347461,0.739273013081402,0,20360
"73",1.00573852446226,-0.185202169400994,6,2,-0.704514526288929,0.871607029112056,0,28277
"74",-0.709200762582393,1.22096370834882,25,3,-0.533984057229936,0.883589488221332,0,22705
"75",-0.688008616467358,0.54128414348235,15,7,0.774384606617658,0.360246049007401,0,27138
"76",1.0255713696967,0.45735733162533,8,7,-0.475621395338803,0.574206207646057,0,35743
"77",-0.284773007051009,-1.03813103968721,24,5,-0.0244273788868501,0.0997103329282254,0,23175
"78",-1.22071771225454,-0.604513230334117,2,6,1.01900809628437,0.134727789321914,1,27524
"79",0.18130347974915,-0.764606013753569,1,5,-1.20558039559856,0.142523165093735,1,27412
"80",-0.138891362439045,0.395295870013499,18,1,1.59529386747203,0.183379173278809,0,35285
"81",0.00576418589988693,-0.990507630466559,25,3,2.041955459993,0.0225164168514311,0,23156
"82",0.38528040112633,0.562041390099052,14,4,0.614481250043309,0.264792855829,0,27428
"83",-0.370660031792409,-1.11641641193354,15,4,0.421931174136824,0.0435852212831378,0,22908
"84",0.644376548518833,1.82853045813536,7,7,-0.496421667693228,0.0537485205568373,0,40178
"85",-0.220486561818751,0.460591349478104,21,5,0.490961412826035,0.227404985809699,0,26493
"86",0.331781963915697,-0.70100361225327,16,1,-0.501982169603514,0.169538160553202,0,31831
"87",1.09683901314935,0.241045932501223,2,1,0.288169818251616,0.164429314201698,0,41093
"88",0.435181490833803,-0.352453199227956,24,3,-0.686626008241128,0.584801238495857,0,24747
"89",-0.325931585531227,0.371147959759657,8,2,0.788403786030499,0.125272608129308,0,21033
"90",1.14880761845109,0.2435327187603,16,6,0.691368840963686,0.706499062944204,0,37207
"91",0.993503855962119,-1.01411417266147,10,6,1.24299900805133,0.976662838831544,0,33704
"92",0.54839695950807,-0.79131387881947,4,5,1.98220971242917,0.697953571099788,0,31759
"93",0.238731735111441,0.299593684739564,25,3,-0.646441834619146,0.960038328310475,0,24497
"94",-0.627906076039371,1.63905190875156,19,2,0.96618929222735,0.89921244699508,0,23727
"95",1.36065244853001,1.08461700867092,25,2,-1.42726744709521,0.994832425611094,0,30287
"96",-0.600259587147127,-0.624567473618094,4,5,-0.457483758648024,0.238510554423556,0,26736
"97",2.18733299301658,0.825922901647494,20,2,0.945466684608465,0.781271879095584,0,33385
"98",1.53261062618519,-0.0485683527562885,18,2,-0.738389150369058,0.698086914606392,0,27444
"99",-0.235700359100477,0.301313651718405,28,5,0.345640699877904,0.435948819154873,0,25485
"100",-1.02642090030678,0.260361490736558,17,2,-0.900444693895271,0.687167624942958,0,21947
"101",-0.710406563699301,2.57544976372339,9,1,-0.370350704115059,0.148413785500452,1,29456
"102",0.25688370915653,-1.18528881058722,28,1,-0.0407969264500623,0.0221544664818794,0,29911
"103",-0.246691878462374,0.100919859012857,25,6,-0.612318766406044,0.135499199852347,0,27408
"104",-0.347542599397733,-1.77997728796762,13,6,-1.94585208981637,0.692086937371641,0,26401
"105",-0.951618567265016,0.589835922958758,15,1,0.243096329527575,0.309638970764354,0,28271
"106",-0.0450277248089203,1.0966084717214,23,5,0.474900095404527,0.348731061210856,0,26911
"107",-0.784904469457076,1.44566224110115,8,3,0.136714574061142,0.899819006910548,0,23918
"108",-1.66794193658814,-1.92514525183712,24,5,-0.48874772568831,0.477294221520424,0,18513
"109",-0.380226520287762,0.41276949719403,24,2,0.900203657260438,0.747444813605398,0,21461
"110",0.918996609060766,1.59336995138365,13,7,1.07753566006142,0.636040544835851,0,39406
"111",-0.575346962608392,-0.414015863042303,27,1,-2.37367085604992,0.813132841372862,0,28311
"112",0.607964322225033,-0.212150532081949,3,1,1.12457483752911,0.532436665380374,0,35145
"113",-1.61788270828916,-0.0365372222047413,24,1,-1.77954774715351,0.425782715203241,0,21246
"114",-0.0555619655245394,0.365018751433036,15,3,-0.344550362435428,0.493282495997846,0,24195
"115",0.519407203943462,0.665159875745969,9,5,-1.10917311375928,0.0601355931721628,0,28147
"116",0.301153362166714,1.31782088371148,18,2,-0.630105782923093,0.61097141331993,0,25926
"117",0.105676194148943,-0.0954875904449924,10,4,1.31688376872424,0.627940143225715,0,22821
"118",-0.640706008305376,0.196278045472469,19,4,0.534513388284073,0.156362858368084,0,21081
"119",-0.849704346033582,2.48799787722146,27,3,0.493898085741881,0.415034929756075,0,24430
"120",-1.02412879060491,0.431098928114991,17,7,-2.07799243134481,0.282506006304175,0,31016
"121",0.117646597100126,0.188753109329833,19,1,0.196325342741564,0.380579827586189,0,31600
"122",-0.947474614184802,-1.34224312528345,13,7,0.628803153873898,0.786768156569451,0,25256
"123",-0.490557443700668,0.00285604762222659,24,1,0.860947143393616,0.985525236930698,0,28525
"124",-0.256092192198247,-0.221326153166881,26,2,-0.973247350475229,0.508368821814656,0,23508
"125",1.84386200523221,-0.0110458298093738,11,4,0.937543052030658,0.807765430770814,0,34475
"126",-0.651949901695459,-0.575417641271167,15,6,-1.39520577829527,0.963095759507269,0,29387
"127",0.235386572284857,-0.686815652442701,26,2,1.73874301887633,0.409665229497477,0,24451
"128",0.0779608495637108,-0.720773631820122,14,1,-0.798634290243535,0.88549836166203,0,31166
"129",-0.961856634130129,-0.214504515399774,7,2,0.765024386769347,0.0284911564085633,0,19987
"130",-0.0713080861235987,1.36813264802863,20,2,0.317911345135436,0.686292042257264,0,22736
"131",1.44455085842335,1.04908662655933,22,6,-1.06360051761289,0.387193426955491,0,38469
"132",0.451504053079215,-0.359975117943056,19,6,1.1442586560686,0.282789664342999,0,30965
"133",0.0412329219929399,-1.68591645453874,7,4,0.0333768426273916,0.83900796668604,1,24058
"134",-0.422496832339625,-0.844583428535954,28,6,0.818407774847846,0.57582523021847,0,30461
"135",-2.05324722154052,-0.457760533240508,1,2,0.218192085822206,0.645359164336696,0,14966
"136",1.13133721341418,0.103638004228304,27,3,0.868497252409914,0.36243485356681,1,26906
"137",-1.46064007092482,-0.662607275700815,3,3,0.0216805208980772,0.607230262365192,1,20271
"138",0.739947510877334,2.00668069083189,25,1,1.11522864969301,0.918623890262097,0,35293
"139",1.90910356921748,-0.272267534418351,17,3,-0.352180864911126,0.852010152302682,0,31186
"140",-1.4438931609718,-1.21394447023951,18,5,0.527288318248801,0.99290278297849,0,19727
"141",0.701784335374711,-0.141261757282513,24,2,0.378571522243943,0.43289438681677,0,26756
"142",-0.262197489402468,-1.00537758159341,8,5,0.843859777098379,0.87553997663781,0,24125
"143",-1.57214415914549,0.156155707275326,2,2,-0.621042494956867,0.364745753118768,0,22851
"144",-1.51466765378175,0.233633614089869,5,6,0.177691497867866,0.0671536840964109,0,29321
"145",-1.60153617357459,0.355587611628384,4,4,-0.580165079131849,0.399760859552771,0,22288
"146",-0.530906522170303,-1.62185825912421,6,1,0.908637825733444,0.499134809244424,0,28462
"147",-1.4617555849959,0.220711290970649,28,6,-0.636686379475083,0.768681911751628,0,25561
"148",0.687916772975828,0.310450080541646,6,7,1.73223869637675,0.231294718571007,0,33721
"149",2.10010894052567,-1.42110844750449,10,5,0.790371602039116,0.393830896588042,0,33945
"150",-1.28703047603518,0.955365639730411,21,5,-0.0137079788538398,0.416912493761629,0,21858
"151",0.787738847475178,0.784170879094338,21,3,1.20619647520582,0.776462702313438,0,29665
"152",0.76904224100091,2.29961936115445,9,1,-0.0845909401382518,0.528141950955614,1,35440
"153",0.332202578950118,0.156702987375728,9,5,0.563262281636034,0.109689022181556,0,31296
"154",-1.00837660827701,0.0467335275180007,13,4,0.528194400015101,0.48272658046335,0,17531
"155",-0.119452606630659,0.0965858340824363,12,6,0.423038432410325,0.101852757157758,0,27578
"156",-0.280395335170247,0.0697662309003006,27,4,-0.596764229709111,0.8951072152704,0,24500
"157",0.56298953322048,-1.84847277533767,16,4,-1.2508442776012,0.550681605003774,0,23813
"158",-0.372438756103829,-1.67112705864224,18,6,-1.68160070977383,0.926535952137783,0,29932
"159",0.976973386685621,-0.0775389667912034,15,5,-0.456296359001271,0.776487203780562,0,31707
"160",-0.374580857767014,-0.581067380566498,15,1,0.682793192202467,0.642258305568248,1,29196
"161",1.05271146557933,0.0547365250574253,13,1,-0.23903748350282,0.341764254728332,0,36164
"162",-1.04917700666607,-2.11120837326053,7,6,-1.20335093346794,0.775535081513226,1,23875
"163",-1.26015524475811,-1.49869825452676,10,3,2.15647760195008,0.281827432336286,0,18008
"164",3.2410399349424,-1.10148343893874,8,4,0.702009423048609,0.23970171622932,1,37014
"165",-0.416857588160432,0.986058221060247,1,3,1.94661810026563,0.00226009078323841,0,24211
"166",0.298227591540715,-1.09849000709012,7,5,1.21303635372129,0.385179498931393,0,23987
"167",0.636569674033849,-0.799513953576531,29,5,-0.611379118364512,0.645917195128277,0,26956
"168",-0.483780625708744,0.0798738186740527,13,2,-0.411921203246786,0.812101020244882,0,16814
"169",0.516862044313609,-0.322746361825109,28,5,-1.44068097826971,0.183301427634433,0,28322
"170",0.368964527385086,0.146417178667962,8,3,0.74047345310968,0.981765420176089,1,28368
"171",-0.215380507641693,2.30506198204569,4,4,1.62365925222734,0.656369511503726,0,30014
"172",0.0652930335253153,-1.12460367125824,17,3,-0.920484878072598,0.824469136772677,0,23304
"173",-0.034067253738464,-0.305469639909805,13,2,-1.20219764681918,0.923240559641272,0,23518
"174",2.12845189901618,-0.516759449743733,26,2,0.882678068364482,0.598261737963185,0,31016
"175",-0.741336096272828,1.51239542683245,27,2,-1.51647903560073,0.309975759591907,0,21147
"176",-1.09599626707466,-0.769484922890278,18,4,1.92161155776854,0.778991278028116,0,19263
"177",0.0377883991710788,-0.0820869037757183,25,5,0.572135777806248,0.757012664806098,0,26764
"178",0.310480749443137,0.787133614322708,9,3,-1.71489505383856,0.869985132943839,0,26618
"179",0.436523478910183,-1.0585905359484,27,7,0.354918895732423,0.439378245733678,0,35344
"180",-0.458365332711106,1.65517581574201,5,2,0.105181865810994,0.8420404586941,0,25685
"181",-1.06332613397119,0.675762415474246,5,2,-2.46841353318467,0.643788777757436,1,22873
"182",1.26318517608949,-1.07420660953035,17,4,-0.0418580303239525,0.381316626211628,0,29150
"183",-0.349650387953555,0.454577809057738,29,3,-0.587260767867037,0.123881611274555,0,24031
"184",-0.865512862653374,-0.213307143233068,16,7,-0.887296992757254,0.540528740268201,0,28475
"185",-0.236279568941097,0.313228771994335,4,5,0.238716819750682,0.661961955949664,0,32183
"186",-0.197175894348552,-0.0899751970156634,6,4,0.850890302293807,0.0592848095111549,0,20662
"187",1.10992028971364,1.07051603677834,23,3,1.72700883321405,0.904047027230263,0,31689
"188",0.0847372921971965,-1.35110038570333,19,1,-2.63250764609541,0.190083365887403,0,28759
"189",0.754053785184521,-0.522616697195916,17,4,0.743611327809965,0.963809312786907,0,26327
"190",-0.499292017172261,-0.249190677755399,22,3,-0.952351111335292,0.0925120878964663,0,16091
"191",0.214445309581601,-0.995798724851333,10,4,1.15633016538051,0.117538752267137,0,23790
"192",-0.324685911490835,-1.03995504376619,12,6,0.345861674157838,0.451085010776296,0,29080
"193",0.0945835281735714,-0.0179802405766626,11,2,1.44495717206043,0.703220259631053,0,23927
"194",-0.895363357977542,-0.132175132856735,19,1,-1.48276130575666,0.378451474476606,0,25996
"195",-1.31080153332797,-2.54934277475043,5,6,0.49463129762884,0.305718191433698,0,24939
"196",1.99721338474797,1.04057345571938,8,2,0.295159338034633,0.70383172808215,0,32302
"197",0.600708823672418,0.24972573598519,28,6,1.04786224591943,0.699415655340999,0,32206
"198",-1.25127136162494,2.41620737314833,29,1,-0.231168508634999,0.740436099236831,1,29714
"199",-0.611165916680421,0.685198238051097,16,6,1.14401684592874,0.429179352009669,0,29379
"200",-1.18548008459731,-0.446959308961992,2,6,-0.444960875475881,0.205358384409919,0,28415
"201",2.19881034888372,2.7973911469581,18,7,-0.429237403893111,0.402054334292188,0,45926
"202",1.31241297643351,2.83222602391551,21,3,0.0253793014557843,0.282240781933069,0,33497
"203",-0.265145056696353,-1.21871181629018,17,3,-1.06925217238229,0.752411978086457,0,22167
"204",0.54319405923209,0.469031955955424,16,7,-0.456571640834288,0.55477011622861,0,37039
"205",-0.41433994791886,-0.21124691863215,11,3,1.11000382848242,0.772227153880522,0,22876
"206",-0.476246894615578,0.187051146554012,3,7,1.65182870430573,0.512077524792403,0,35661
"207",-0.788602837850243,0.227542728568814,4,5,1.11425467962836,0.609907146543264,0,28308
"208",-0.594617267459511,-1.26190046286905,11,5,-0.424865175188582,0.660683386260644,0,24507
"209",1.65090746733669,0.285589580242562,18,6,0.318479885539619,0.678693819092587,0,35400
"210",-0.0540281250854405,1.7492473631418,7,3,0.098489648944743,0.1250147477258,0,26783
"211",0.119245236427584,-0.164090004134803,1,3,-1.2590274729358,0.647455700905994,0,23024
"212",0.243687429599092,-0.162926710698454,9,4,0.257408211140715,0.249758668476716,0,30739
"213",1.23247587848534,1.39857200633747,3,3,-0.824293327671809,0.609637362416834,0,33649
"214",-0.51606383094478,0.898396240682948,8,5,-1.06062421894714,0.710085946600884,0,20954
"215",-0.992507150392037,-1.64849481838129,5,2,0.725505461365908,0.536345141706988,0,22516
"216",1.67569693240319,0.228556973262187,11,6,-0.707931887106341,0.747284932993352,0,36846
"217",-0.441163216905286,1.65354723467773,5,7,-0.144048750509615,0.820064316969365,0,38495
"218",-0.723065969939874,1.41527634991914,17,4,-0.973715576881434,0.438665167195722,0,25266
"219",-1.23627311888329,0.41995160381423,16,1,0.0559444258531401,0.761116701178253,0,28891
"220",-1.2847157223178,0.721220807112894,5,7,0.492346553150489,0.931123519083485,0,30877
"221",-0.573973479297987,-1.19693521218868,28,4,0.502545254666909,0.786382732680067,0,19579
"222",0.617985817166529,0.300131566881373,19,6,-1.07525797722939,0.955521013820544,1,36327
"223",1.10984813892972,-0.954448935187822,2,4,1.25804225002658,0.86584622762166,0,32246
"224",0.707588353835588,-0.458018068096944,6,4,1.49297171304439,0.231086854822934,0,23885
"225",-0.363657297095253,0.935603683779603,20,2,0.372910426410749,0.708613012451679,0,24449
"226",0.0597499373846007,-1.13689311169114,27,1,0.157479547884347,0.802356853149831,0,29473
"227",-0.70459646368007,0.266918250873058,24,5,0.0773429033210805,0.43919979641214,1,29723
"228",-0.71721816157401,0.428332039471543,13,3,0.257545945939747,0.843232289655134,1,22584
"229",0.88465049897692,0.0549119698396297,5,1,0.376423588722638,0.137973242904991,0,36600
"230",-1.01559257860354,1.82218882183542,5,1,0.136823618948169,0.520196922123432,0,31609
"231",1.95529396549246,-1.02234732857525,14,6,0.653823170914733,0.312763423193246,0,40076
"232",-0.0903195939658516,0.6061302614356,12,6,-0.335768542377534,0.551263590576127,1,28853
"233",0.214538826629216,-0.0889305674506674,24,1,1.12934492850217,0.192162519786507,0,32215
"234",-0.738527704739573,-0.260832243833924,23,6,-0.0376828117706237,0.96755562722683,0,29067
"235",-0.57438868976327,0.464091233852381,12,1,-1.75569401653616,0.382657509529963,0,27763
"236",-1.31701613230524,-1.02040059068393,19,5,-0.0997203693834034,0.81222872203216,0,24354
"237",-0.182925388372727,-1.31345091651841,12,2,0.447020452653874,0.299689213745296,0,18202
"238",0.418982404924464,-0.494480875483423,11,5,1.2300316728337,0.525562783936039,0,28596
"239",0.32430434416138,1.75175714975545,19,4,0.0602104326151076,0.422036703210324,0,30263
"240",-0.781536487054751,0.0557647746125201,28,4,-1.940069201671,0.715834513772279,0,27557
"241",-0.788621970854002,0.331434398227886,14,2,0.00483176592536138,0.152941275853664,0,20776
"242",-0.502198718342861,-0.18984663767754,18,3,-1.19921192196747,0.370016168337315,0,24662
"243",1.49606066984635,0.470492731953825,9,3,-0.976105703649749,0.266871612053365,0,28590
"244",-1.13730362066574,-0.951679543017146,12,2,-1.02562705123497,0.813024976756424,0,13615
"245",-0.179051594380198,1.15791046656864,13,5,-0.799226924512563,0.638925117207691,0,30651
"246",1.90236182167893,0.584705260241351,9,1,1.13712909055669,0.766595445107669,0,36254
"247",-0.100974885328808,-0.806452822691705,29,2,-0.831528899543843,0.584572816034779,0,18481
"248",-1.35984070382139,0.0545532458119923,26,4,-0.439062773952966,0.997284671058878,0,22192
"249",-0.664769435274062,0.716331619499123,24,4,0.184173461400253,0.343080740887672,0,23761
"250",0.485459978904878,0.557730982054603,21,4,0.89037962557919,0.381242515519261,0,29981
"251",-0.375602871669773,1.48193401587688,6,5,-0.666705010074985,0.844427485018969,0,31212
"252",-0.561876363549783,-0.61298775489485,2,7,-0.826223863869995,0.379225628217682,0,36164
"253",-0.343917234128459,1.11613661549039,4,7,-0.518615722213841,0.0503852751571685,0,36630
"254",0.0904966471392212,1.03654800994122,25,7,-1.17171869923338,0.0304004044737667,0,35061
"255",1.59850877114583,-0.162483131902855,11,5,0.920033349469812,0.685366429155692,0,34355
"256",-0.088565112138884,-0.975926692821885,23,6,-2.18195813409894,0.849383431253955,0,32731
"257",1.08079949615152,-1.08914519088452,27,7,-0.5276920773549,0.941772733349353,0,36051
"258",0.630754115650567,0.457786957944971,19,2,-1.44114002209388,0.499383375281468,0,27490
"259",-0.113639895506141,-0.0711267337208945,18,5,-1.95678478418978,0.341692724032328,0,25014
"260",-1.5329020028906,1.77910266685145,2,1,0.0286581970792618,0.138340651756153,0,31798
"261",-0.52111731755252,0.535137960496205,8,4,1.53823566132278,0.650838388828561,0,20090
"262",-0.489870453138474,-0.371944875163495,12,6,1.63464035479982,0.20895657944493,0,28038
"263",0.0471544327615272,-1.02554224849711,24,1,-0.562776208352765,0.288323867367581,0,26058
"264",1.30019867766682,-0.582401674605252,11,2,-0.696955708518244,0.463281737407669,0,26680
"265",2.29307897383109,0.342888392897331,13,1,-0.538226303471587,0.491217982256785,0,39864
"266",1.54758105898377,-0.450934647056651,17,6,0.710110231783851,0.312893917318434,0,37877
"267",-0.133150964328944,0.51423012023069,4,3,-2.56169696298002,0.792636514408514,0,26511
"268",-1.75652739555764,-0.334338052169782,1,5,0.24770047442229,0.260801362805068,1,18490
"269",-0.388779864071743,-0.105559908794475,20,6,-0.405540381007554,0.180354621261358,0,24581
"270",0.0892072230732945,-0.730509672807828,25,2,-0.743938496851104,0.0904349414631724,0,22622
"271",0.845013004067436,1.9050435849087,28,3,-2.00612003132012,0.289508624235168,0,31802
"272",0.962527968484271,0.332621731470394,2,3,-0.205826417782953,0.218430734472349,0,32189
"273",0.684309429416465,0.230633640499451,20,5,-1.64905677245587,0.702714346116409,0,33981
"274",-1.39527434979947,-1.69186241488407,12,5,-0.0153078731923365,0.523251609876752,1,18758
"275",0.849643045633355,0.659791899549327,17,2,-0.894901677513419,0.661188775440678,0,25266
"276",-0.446557216427222,-1.02362358887971,5,3,0.0463197241835662,0.163097081240267,0,23854
"277",0.174802700161256,-0.891521574354298,8,3,0.461004079383783,0.790126195643097,0,24288
"278",0.0745511771737346,0.918341171021649,10,4,-0.503738767197944,0.200176939601079,0,23956
"279",0.428166764970505,-0.45270064650823,21,5,-1.022398456216,0.894851325079799,0,25956
"280",0.0246749828261399,-1.74837228000318,6,3,-0.61174222903031,0.0907970110420138,0,20190
"281",-1.66747509758566,1.76990410988936,5,3,-0.667393503214493,0.779306377517059,0,24483
"282",0.736495964773442,-2.37740692539252,17,7,-1.49327582905547,0.0906956694088876,0,26813
"283",0.386026568349676,0.572811529859585,2,4,-0.780618213906196,0.140598875470459,0,29179
"284",-0.265651625278222,1.01724924908461,13,5,-0.193405134857153,0.20055487495847,0,28346
"285",0.118144511046681,-0.630967866660535,14,2,-0.220833309799399,0.561108937254176,0,24052
"286",0.134038645368463,0.444287051411554,14,3,0.329541739887292,0.657722187228501,0,24318
"287",0.221019468561002,0.439130388388555,15,5,1.29187572312354,0.344914392801002,0,31404
"288",1.64084616597749,1.04062315291451,22,3,0.333671031663867,0.526910758577287,0,30601
"289",-0.219050378933476,0.484099387952522,29,4,1.47578697474206,0.497663208516315,0,25180
"290",0.168065383884658,-0.244883779092525,25,2,-0.647925964720306,0.316208576317877,0,25426
"291",1.16838387306909,0.915992057940211,4,4,1.35066841000033,0.820523600792512,0,35480
"292",1.05418102337692,0.800622356509766,25,7,0.593408907817607,0.887315187603235,0,38654
"293",1.14526311038036,-0.936569034135793,17,1,-1.19170888523403,0.608785663964227,0,32189
"294",-0.577468001059557,-1.40078743399573,20,3,0.402171012485224,0.284385659499094,0,19102
"295",2.00248273029283,0.160277539993178,23,2,-1.23769284056948,0.561663584085181,1,29713
"296",0.066700870930183,-0.273962374775183,12,5,0.947230675691712,0.659779042704031,0,24137
"297",1.86685184470686,-0.985539112562296,25,1,-0.539746145027583,0.45219612470828,0,34653
"298",-1.35090268603071,0.0839306795150329,6,5,-0.236110187036619,0.630170654971153,0,21584
"299",0.0209835863542375,-1.31999652648691,15,1,-0.679536488943232,0.654323087306693,0,29304
"300",1.24991457096922,0.161226351326199,4,3,-0.852178292364297,0.868020466296002,0,35036
"301",-0.715242187222796,-0.62492838754192,7,3,1.70213970919678,0.119273724267259,0,19337
"302",-0.752688968217742,0.957164274192481,27,4,0.991804522902772,0.855478756595403,0,24310
"303",-0.938538703606894,2.42448914116153,14,4,0.675213077027448,0.336677470244467,0,27543
"304",-1.05251327933874,-0.915979243686792,16,7,0.0736199590039371,0.82536657829769,0,32346
"305",-0.437159533180399,1.05766417094298,29,5,0.736333814551808,0.947015084559098,0,27929
"306",0.331179172958982,0.825149727768283,29,3,0.661712776915951,0.213173523079604,0,28203
"307",-2.01421049792072,-0.0701942243053587,20,7,1.60352059838129,0.731093273963779,0,25783
"308",0.211980433372292,-0.453646374057015,23,3,0.85003977821244,0.554571121698245,1,23755
"309",1.23667504641657,1.57530770683748,1,5,-0.206189006457514,0.168076539412141,0,30693
"310",2.03757401824044,-2.00545781823625,22,7,-0.214892943259896,0.270737291779369,0,35570
"311",1.30117599220059,-0.643194791593663,27,6,-0.468072564336127,0.109619038878009,0,33274
"312",0.756774763795962,-1.43684344365778,13,1,-0.363738560815834,0.071259340737015,0,28747
"313",-1.72673039911433,1.39531343894608,21,3,-0.236683939495527,0.168696200475097,0,16087
"314",-0.601506708006782,-0.190703432644857,24,4,1.22288074959827,0.6246736953035,0,22314
"315",-0.352046456582617,-0.524671199469671,15,3,-2.32835963269809,0.719095579581335,0,23667
"316",0.703523902756894,3.18404447406633,25,6,-0.701845828410341,0.637992624426261,0,36601
"317",-0.105671334003774,-0.0500372678876282,15,7,-0.132880719366657,0.667550360551104,0,32629
"318",-1.25864862806017,-0.443749311866524,1,5,-1.2832584037532,0.0923453408759087,0,21016
"319",1.68443570809411,0.299865250136145,13,4,1.61910061010553,0.284819817868993,0,34155
"320",0.911391291795963,-1.56842462075497,14,6,-0.233948301011858,0.950637715402991,0,32638
"321",0.237430272491026,0.490302642672068,18,1,-1.11691813121359,0.356181510956958,0,31824
"322",1.21810861032581,-0.0961632010799668,13,2,-0.891613786810676,0.157258436549455,0,25771
"323",-1.33877428723497,0.468525122530146,9,2,0.87239516251344,0.836019231937826,0,20245
"324",0.6608202977898,-0.982370635937854,20,6,1.86900934050409,0.845028192503378,0,34576
"325",-0.522912376313422,-1.02298384214794,18,6,-0.124268503812241,0.379393668379635,0,26918
"326",0.683745521850712,-0.693414663276185,29,6,0.107028807376313,0.68180113658309,0,39148
"327",-0.0608219546600742,-0.767989573092782,6,2,-0.948535060055103,0.476711315102875,0,20734
"328",0.632960713031451,1.29904996668359,29,1,1.31664471072918,0.151249988470227,0,40530
"329",1.33551761505939,1.57914556180809,17,5,0.722656926345969,0.637780993478373,0,35295
"330",0.00729009031689879,-0.156891953039067,22,6,-2.32925346285753,0.824879214866087,0,27752
"331",1.01755863695209,-0.35893656058468,26,4,-0.645232545817526,0.42766280984506,0,26254
"332",-1.18843403514798,-0.329038830421669,19,3,-0.234117494341529,0.445592733332887,1,16603
"333",-0.721604440436015,0.0692364778530165,21,3,-1.10816067338053,0.231161709176376,0,23482
"334",1.51921771138818,0.0969042337010548,29,3,-0.273224175602157,0.0780947066377848,0,32735
"335",0.377387973023929,0.290034387765571,25,3,-1.13344115426419,0.339824820868671,0,26193
"336",-2.05222282043373,-0.746678941046256,23,4,0.359307953730572,0.225082461955026,0,16586
"337",-1.36403745208238,-0.846896388820319,4,5,0.335644763865137,0.139848456718028,0,22885
"338",-0.200781015589121,1.19707766374608,3,3,0.81098435313938,0.568568279733881,0,27397
"339",0.865779404334488,-0.548627361103323,16,5,0.416456135933571,0.680576901184395,1,29113
"340",-0.101883255715222,0.303045695225451,6,5,1.59411403885386,0.327433435479179,0,25242
"341",0.624187472020653,-0.056970533803332,22,7,-0.386137877288101,0.908576496876776,0,34544
"342",0.959005377787825,-0.957849392150669,15,7,-2.15330336743643,0.244355617556721,0,33481
"343",1.67105482886294,0.591061909411507,5,3,0.025659213079887,0.596486286260188,0,35925
"344",0.0560167332749619,0.173104873492955,25,5,0.649848845025497,0.668686116114259,0,29917
"345",-0.051981906180899,1.39978335621251,28,2,-0.401235599512803,0.791813339339569,0,28154
"346",-1.75323735914227,0.117459584626988,9,1,1.40087647763291,0.442026127595454,0,18854
"347",0.0993275940878275,-0.331545758200853,5,4,1.09476867868607,0.257479664636776,0,29734
"348",-0.571850057895563,0.278294913305364,21,6,0.537493298921215,0.561399881029502,0,28241
"349",-0.974009582804091,-1.18559164903534,17,6,0.0697747577746106,0.444208011263981,0,24384
"350",-0.17990623104754,-0.835894053393597,3,5,-0.551500633193785,0.563844033516943,0,26495
"351",1.01494317274366,0.510273251139431,17,7,-0.176943367781943,0.445866303052753,0,37355
"352",-1.99274848868858,-0.333120901223949,18,7,0.469177847669925,0.945246765622869,0,23236
"353",-0.427279287205429,-0.0659609463524635,16,3,0.96779678824769,0.0762666193768382,0,22005
"354",0.116637283582706,-0.11522170942195,12,2,-0.296114656814332,0.327467668568715,0,20505
"355",-0.893207570054953,-0.650512618774529,13,3,-0.728253258423636,0.535416501807049,0,26056
"356",0.333902942499225,-2.01868865908242,27,4,2.4756058618661,0.674211746547371,0,22643
"357",0.411429920615731,0.348834970176592,20,6,0.5185571703497,0.684115078533068,0,32517
"358",-0.0330361592759917,0.761639507646859,28,5,-0.903603205337453,0.0054010720923543,0,25560
"359",-2.46589819376003,-1.28871623535013,5,7,0.930979056343251,0.752824981696904,0,24054
"360",2.57145814586664,1.48240271845861,17,6,0.061686497897853,0.266485067782924,0,47136
"361",-0.205299257468199,0.385154823687235,3,2,0.826789248521633,0.905854906653985,0,26190
"362",0.65119328158767,1.34164029499387,19,3,0.0517969525608289,0.482761958381161,0,29482
"363",0.273766491036548,-0.957170471242288,8,6,-0.0584290512452095,0.0704227930400521,1,27374
"364",1.02467323481835,0.166781288354251,14,2,0.0906116207122605,0.353681881912053,0,29898
"365",0.817659446374088,-0.100013958938808,14,3,0.412780797052548,0.731597445439547,0,28034
"366",-0.209793171228509,0.768507431881776,25,7,-0.61008573154393,0.48825559602119,0,31531
"367",0.378167772208507,-0.575859567912693,26,2,-0.65536323027314,0.763335806084797,0,24128
"368",-0.945408831123893,-0.0100976719524611,17,2,-0.184779206139361,0.271531119942665,0,17791
"369",0.856923010899318,-1.77865914874394,28,6,0.171301431637089,0.416823766659945,0,32334
"370",-0.461038338884354,-0.7776214428705,9,4,-0.317376455269396,0.737899468978867,0,21354
"371",2.41677335378821,0.12503388366511,19,4,0.316984562457902,0.726565788732842,0,36752
"372",-1.65104889568819,-0.706321492388223,18,5,-1.101735412602,0.209386512404308,0,22780
"373",-0.463987242966015,-0.04356948581148,19,5,-1.43095845286738,0.0786028129514307,0,27709
"374",0.825379862759242,-0.46792597392522,7,6,1.89201063250808,0.525699994293973,0,33811
"375",0.510132546878663,0.60693013616149,12,2,0.397877113060311,0.584880356444046,0,26399
"376",-0.589481038515,1.16848830874956,5,7,-0.397028133394579,0.085187402786687,0,35851
"377",-0.996780742207522,-0.822501412807523,16,7,-0.279957848490363,0.000876751961186528,0,28576
"378",0.144475704710697,-0.307036558594728,17,1,0.78511853104356,0.172071356093511,0,31119
"379",-0.0143074131669134,1.43976125836974,3,6,-0.210320814229356,0.622501888312399,1,38145
"380",-1.79028123726406,-2.19892325418371,22,3,0.192114963876683,0.719217890640721,0,14773
"381",0.034551067133851,-0.319837791740735,18,3,-0.264725626098451,0.945373912807554,0,24375
"382",0.190230315692457,2.06470428414334,20,1,-0.501391057936759,0.476781865349039,0,35935
"383",0.174726396981842,2.19359006906425,9,6,0.602189813520256,0.938461630372331,0,35356
"384",-1.05501704260268,0.156595323350149,11,2,0.141494558350148,0.393929823534563,0,20562
"385",0.476133278302629,-0.863608950613638,19,1,1.30181266697034,0.00391087401658297,0,29758
"386",1.37857013695924,0.165457419490438,28,5,-1.12539685767474,0.0189908426254988,0,33177
"387",0.456236403179813,-0.65277439594702,11,4,-0.135307406049395,0.703684351872653,0,26849
"388",-1.13558847037434,1.45281728229148,6,1,-0.208988948819788,0.959993239026517,0,26267
"389",-0.435645469691905,-0.806482655703046,8,7,-1.07486233391367,0.363274049712345,0,31429
"390",0.346103619553607,0.372911595208748,15,6,0.997858726258268,0.379091640701517,0,30125
"391",-0.647045631318269,0.619850074568692,12,3,-0.107399749074144,0.490024264203385,0,24605
"392",-2.15764633501528,-0.757510160695849,10,1,-1.38555799043147,0.928459777263924,0,19332
"393",0.884250820028209,0.851524681506183,11,6,-0.59214062739422,0.0133411868009716,0,32869
"394",-0.829477611624518,-0.747929970916306,20,6,-1.10533356064609,0.109136207029223,0,27427
"395",-0.573560270768283,0.63023982965398,26,3,1.03908851261442,0.649896295275539,0,22354
"396",1.50390060900454,1.09666163310355,14,2,2.54290445686211,0.226279548602179,0,26273
"397",-0.774144929605405,-0.988442922383206,17,1,-0.673715819136411,0.299193779239431,1,28826
"398",0.845731540189296,1.1079950409796,15,3,-0.0922300081017977,0.861403936753049,0,24217
"399",-1.26068287881878,-0.489532871212412,20,2,0.279735034290658,0.645756735466421,0,15698
"400",-0.354542403073978,0.294353388436968,20,4,2.70895941900681,0.34952232777141,0,21448
"401",-0.0735560191364783,0.20183747228877,4,5,-2.32900346367574,0.424177321838215,0,29938
"402",-1.16865142442436,-0.427196386338202,4,2,-0.513955735696316,0.487343885470182,0,21011
"403",-0.634748264908909,0.268102869997785,28,7,-1.20279475722774,0.152578387409449,1,29399
"404",-0.0288415529283144,-1.23043092542384,13,5,-0.227624806236914,0.543450566008687,0,24606
"405",0.67069596873393,-0.136136872184964,17,2,-0.275899217586007,0.630506960907951,1,24992
"406",-1.65054654342511,0.825790831665171,28,6,-0.72980880602493,0.415447814157233,0,25727
"407",-0.349754239211268,-2.17412464922931,6,5,1.83415571752355,0.724101344821975,1,21093
"408",0.756406438545484,-1.48792618735825,7,3,0.257065337064977,0.925642714602873,0,20779
"409",-0.538809159977592,-1.16193755759697,19,2,2.39358537418796,0.521659610560164,0,16945
"410",0.227291921672942,-1.58908969414543,25,1,0.823616626218353,0.436165723949671,0,25299
"411",0.492228570064431,0.419583039296359,24,2,-1.26531215025604,0.714677422307432,0,26822
"412",0.267835015331683,-0.992928349756011,5,5,-0.753491215068184,0.266581538598984,0,34178
"413",0.653257679471382,-2.16454708532897,3,2,0.273038419162952,0.321320069720969,0,23504
"414",-0.12270866097738,-0.63756876508045,23,1,-0.577898941085042,0.127754946472123,0,26952
"415",-0.41367651359212,-0.390635251474806,28,7,0.35428968907761,0.900569051038474,0,29209
"416",-2.64314895202898,0.85678547377811,18,7,0.732572641958218,0.966919844038785,0,25576
"417",-0.092941018479472,-1.10375213599883,13,6,0.421122276651071,0.360182028962299,1,28515
"418",0.430284696359987,1.1612892557387,20,5,-0.13461283417085,0.517822668189183,0,32132
"419",0.53539884086815,0.398362715628605,26,6,-0.643538933862576,0.281074697850272,0,34657
"420",-0.555278351313252,0.362352157635545,15,6,-1.28932068916416,0.163659136276692,0,29036
"421",1.77950290977515,-0.852525670314502,16,7,0.340894898598314,0.851199743105099,0,39872
"422",0.286424419628825,1.95366787989804,23,5,0.922335674092897,0.422767645446584,0,29315
"423",0.126315858458886,-0.164270832097155,11,3,-0.0796694097451784,0.867549539310858,1,24292
"424",1.27226677946852,-1.82489758417833,28,4,0.75361765272448,0.621476767584682,0,26949
"425",-0.718466221319259,-0.203856471392496,1,6,2.227529683524,0.751955297542736,0,25213
"426",-0.450338623924712,-1.93444407073205,10,3,1.93382128195771,0.0275019651744515,0,15995
"427",2.39745248004976,-0.310510115786673,4,5,-0.494905476776135,0.587261707289144,0,42285
"428",0.011129187220888,-0.422227003189619,10,3,0.546711841395066,0.0447519987355918,0,19870
"429",1.63356842140831,0.68182969040341,15,2,-0.702210637746134,0.944631132297218,0,30010
"430",-1.43850664491452,1.00949618573749,22,2,0.68981342390161,0.449251724407077,0,20323
"431",-0.190516802042901,-0.726104964901155,24,2,-0.0583631400767486,0.156094168080017,0,21015
"432",0.378423903636832,0.806108868375026,13,2,0.277587578066646,0.565523694967851,0,26782
"433",0.300038545205798,1.42432310966876,1,4,-0.859014614409201,0.87239173729904,0,30163
"434",-1.00563625951084,-0.784144004842646,28,7,1.20537791583264,0.0630774884484708,0,26587
"435",0.0192592746253708,-0.652404366499333,27,5,-0.0841799664768694,0.956771788187325,0,22975
"436",-1.07742065311198,0.650778363153682,18,2,-0.445919957955063,0.861393495928496,0,18596
"437",0.712703325244282,0.183047969943935,27,3,-0.0766213726151868,0.521775238914415,0,24065
"438",1.08477508986065,0.548774960444283,19,4,0.0763983799958751,0.837759975111112,0,30524
"439",-2.22498769648741,1.40468429454756,4,2,1.63686401169385,0.720968827139586,0,23774
"440",1.23569346230014,0.387083119576395,5,5,-1.11072398833375,0.997738079633564,0,37631
"441",-1.24104449680849,1.05170127017537,20,1,2.45899120349098,0.728970452910289,0,26146
"442",0.454769268982633,0.622905462337194,27,1,-0.773312386463012,0.500443265307695,0,35199
"443",0.659902638142608,0.433620389808855,5,5,0.174643374960065,0.883679241407663,0,35952
"444",-0.199889828101433,0.386084438184412,26,2,-2.05814136474925,0.191160295158625,0,21874
"445",-0.645113956859792,1.29132330445808,14,3,-0.654460530329722,0.195222557755187,0,22161
"446",0.16532102124205,-1.00225987371065,2,2,0.731773364128733,0.0644529743585736,0,25953
"447",0.438818700714454,-1.10518272915749,24,5,0.50523305857902,0.814795149257407,0,28041
"448",0.883302819948705,0.591946003397209,29,5,0.410572221752549,0.700661842245609,0,33595
"449",-2.05233698390195,-0.119689664133114,24,1,-0.466765303532686,0.0437303748913109,0,21923
"450",-1.63637926805902,0.0740052116849605,9,3,-1.84357246605783,0.919525969773531,0,16535
"451",1.43040234118818,0.741277377171399,6,1,-1.07282462705942,0.98109476827085,0,39312
"452",1.04662884711155,0.753295047849076,6,3,-0.229828765324043,0.815997053403407,0,27509
"453",0.435288948907682,-0.262670503361778,11,4,0.6216371749907,0.283884674310684,0,29345
"454",0.71517840711106,-0.312543868997102,7,5,0.837445481389698,0.450914195971563,0,27933
"455",0.917174917641003,0.0735986090078693,5,1,-0.302888049153909,0.375928787747398,1,39277
"456",-2.66092279846568,1.06301778929474,3,3,-0.151552534412389,0.0604146493133157,0,20544
"457",1.11027709663882,0.426020486679004,19,1,-0.162851522523741,0.602138079935685,0,38328
"458",-0.484987596562325,1.43300751082319,23,3,0.0578455329557257,0.327772701624781,0,23422
"459",0.230616830631202,-0.00763687041997194,2,6,1.53714488558615,0.105592788429931,0,37436
"460",-0.295157800883577,1.12566760522075,3,6,-0.726712528090392,0.000862989109009504,1,30233
"461",0.871964954078744,0.883002311017247,1,6,-0.204762719552353,0.396315816557035,0,36230
"462",-0.348472448955611,0.61208346090007,5,1,0.078726292442996,0.330656992737204,0,33246
"463",0.518503765888248,0.414700706778464,27,2,-1.33826589318506,0.524514493532479,0,26596
"464",-0.390684978638979,-0.279882397142518,5,5,-0.921029235202948,0.383261796785519,0,29246
"465",-1.09278720910151,-0.109037509169232,29,3,0.200261948609106,0.366940511157736,0,21543
"466",1.21001051044026,0.229395495708467,21,2,0.427069127739095,0.0185418513137847,0,26869
"467",0.740900011274274,0.0488888906792862,10,1,1.14009020938031,0.978632669663057,0,35810
"468",1.72426223915645,0.943224468386221,10,1,-0.465705956438507,0.549540873151273,0,38834
"469",0.0651539325793032,-0.109317123186431,23,5,1.45390062123435,0.0369880928192288,0,28458
"470",1.12500274582817,-0.0703769215878276,15,4,-0.864556217319535,0.513983499025926,0,27618
"471",1.97541905401908,-0.484319087565665,15,4,-1.59628307950226,0.458033801056445,0,34001
"472",-0.281482115038967,-0.138336328543328,8,7,-1.94601344555199,0.510194669244811,1,30067
"473",-1.32295111275522,-0.0687656423038444,27,2,1.10405027494058,0.880770508665591,0,18568
"474",-0.239351567138116,-2.31373577389942,20,6,0.304872111305456,0.0488149069715291,0,23886
"475",-0.214041239985383,-1.36483169721432,21,2,-0.130421889948526,0.20153110078536,0,20448
"476",0.15168050450932,-0.072486909951959,9,2,-0.293613387011894,0.0521715050563216,0,28551
"477",1.71230497731928,-0.265283774864499,17,2,1.58625545540677,0.444744392298162,0,32127
"478",-0.326143892505348,-1.20086932820744,28,7,1.20114550405925,0.123503080802038,0,31019
"479",0.373004655804915,-1.99153817604302,2,5,-1.00373971119925,0.974009131081402,0,30566
"480",-0.227684064895531,-0.354369219913427,15,4,-1.39101698281623,0.122821776662022,0,24371
"481",0.0204507085250325,0.653495765694276,25,6,1.08529588092986,0.0309266704134643,0,30787
"482",0.314057663506262,1.77323863192756,9,5,0.560611806017343,0.493814098648727,0,27605
"483",1.32821469603699,-0.0384567937093384,11,5,-0.510980985089714,0.210814630845562,0,32057
"484",0.121318377490778,1.49318484062772,27,7,0.396451965571097,0.429555207490921,0,34665
"485",0.712842320031113,0.0830221576359683,3,2,-2.02323110391136,0.115378999151289,0,28951
"486",0.778860029783535,0.11553210425956,15,4,-0.665141472933446,0.281808399129659,0,27601
"487",0.914773270855634,0.324825313348747,13,1,0.435007205526097,0.735496113775298,0,36432
"488",-0.574394552184383,-0.870577245260919,5,2,-0.0729116390239619,0.280034978874028,1,26107
"489",1.62688121419468,-0.0517182128948834,14,5,-1.28188764411534,0.193209844408557,0,36001
"490",-0.380956739294013,0.908447698792251,5,6,1.01526613067697,0.0915995517279953,0,34781
"491",-0.105784167649752,-0.749725786852189,25,4,1.16305933920202,0.680038196034729,0,24469
"492",1.40405026771417,-0.321606069887961,20,3,-0.940039838457001,0.254332811804488,0,28626
"493",1.29408390614558,-1.14777075045925,4,4,-0.185466629123019,0.259202382527292,0,34617
"494",-1.08999187241124,0.354352196449355,4,1,0.730613939460249,0.148989144945517,0,32432
"495",-0.873071000417463,0.424799782389022,9,6,0.863724842718663,0.439386218320578,0,26546
"496",-1.35807905937061,0.648347351224082,28,5,-0.528747614634865,0.665370191447437,0,25326
"497",0.181847192619832,-1.2198100315169,28,2,-0.878539839568099,0.804060532012954,0,19604
"498",0.164840867918466,0.107235034754764,6,4,0.345075406845387,0.926760265836492,0,24171
"499",0.364114687355063,-0.944057691649846,27,7,-1.91601821802967,0.554486082866788,0,35972
"500",0.552157714218558,-0.000384648716023502,2,2,-0.950077589348363,0.662159540457651,0,30165
"501",-0.601892845985016,1.34262392000608,26,3,0.773587127057442,0.0261470004916191,0,22708
"502",-0.993698591098714,-0.503525286934276,2,6,-1.7037984055143,0.905036554438993,0,33434
"503",1.0267850560749,0.716683320938825,28,2,-1.20077712678264,0.296018165303394,0,27185
"504",0.751061302606323,-0.749668584083695,5,1,-0.240785063614367,0.316355613758788,0,34109
"505",-1.5091665373287,-0.478528210450305,17,3,-0.302073501137212,0.762261205352843,0,17537
"506",-0.0951474508492868,0.438721750586617,21,2,-1.75404475768728,0.0897036017850041,0,18980
"507",-0.895947822756499,-0.679112270457868,9,5,0.50937884189092,0.968567726202309,0,22743
"508",-2.07075107054196,-1.70296483514544,1,5,-1.02145633708376,0.834296024637297,0,16959
"509",0.150120131188143,1.26516843521333,21,3,-0.158058937403218,0.132462466368452,0,22790
"510",-0.0792117092585882,0.360357237879846,10,2,-0.196572207000955,0.120841359719634,0,22754
"511",-0.097369267513081,-0.58363944056009,25,2,0.696628740831187,0.409581739688292,0,19816
"512",0.216152541801233,-1.9940787873306,14,3,-0.0659814597136106,0.110954186413437,0,23250
"513",0.882465164396587,1.9022097713993,29,3,-0.13434798554826,0.467486419249326,0,29445
"514",0.205597504483387,3.39037082127154,3,1,1.65474084400222,0.778558735735714,0,38764
"515",-0.616435842873528,0.207480407355457,1,1,0.371894882020314,0.231911435723305,0,28633
"516",-0.734799251921281,0.849806647511189,17,7,0.623540462610103,0.387052305275574,0,30744
"517",-0.131802793041181,1.22456031207416,18,3,0.474898626830697,0.0833887453190982,0,24501
"518",0.310016986578952,-0.701804433538609,1,7,0.571634626645242,0.185123172355816,0,32865
"519",-1.03968035270204,-0.35119622955654,22,5,1.33573646703799,0.967027444159612,0,22815
"520",-0.184308868842384,-1.7271210366452,2,6,-0.0571041609665933,0.682988477405161,0,31929
"521",0.967267260167914,-0.736578232271872,14,4,0.242843946422432,0.93034086143598,0,30302
"522",-0.108280091234486,0.622409782886114,28,7,1.96963413281427,0.591044887900352,1,36542
"523",-0.69842066759439,-0.29071598924087,2,6,-0.530038313429479,0.0797453178092837,0,28024
"524",-0.27594516842554,-0.214211534183077,28,2,1.29100897953624,0.8450185675174,0,21430
"525",1.11464854536198,-0.112559551502516,23,5,-0.607078196072321,0.0297843723092228,0,33290
"526",0.550043961214136,-1.8636669824956,25,7,1.71013967532023,0.814659719588235,0,30133
"527",1.23667580008161,0.83762993423167,7,6,-0.666247379760654,0.390749461017549,0,38959
"528",0.139097857161771,-1.44349288893542,29,5,-0.814372276715255,0.143404533853754,0,24824
"529",0.410275096490425,-0.208570162415648,21,6,1.03640262444953,0.666557763237506,0,33633
"530",-0.558456912348133,-0.43856346205883,9,1,0.964931532612911,0.618586165364832,0,30880
"531",0.605370668930333,-0.218593816856198,24,1,0.551710837460081,0.448763228487223,0,34490
"532",-0.506333542189239,1.45996594473579,28,3,0.273188529340283,0.806599612580612,0,26668
"533",-1.42056550469574,-0.582059917915369,27,4,0.241859803341899,0.870606883428991,0,15188
"534",0.127992965684126,-0.783097595711896,4,7,2.05476070604651,0.98618273017928,0,33606
"535",1.94585121773144,-1.51965399494385,2,7,-1.43253449521809,0.40263657621108,1,44206
"536",0.800914339573062,-0.805698081611249,24,5,-0.986336317053269,0.352131931111217,0,27644
"537",1.16525338994626,-1.16618470736774,25,3,-1.27914012290609,0.121898651123047,0,24972
"538",0.358855723093152,0.407946196248296,2,4,0.960755490376344,0.990613096160814,0,36137
"539",-0.608557178316224,-0.863004246007877,7,5,-0.245641935333867,0.935729715740308,0,24651
"540",-0.202240855110284,0.304042035028136,21,7,-0.130008455896796,0.939029850531369,0,32990
"541",-0.273248106811925,-0.146427487847921,3,4,1.78330681833913,0.407482102513313,0,27739
"542",-0.468699779782087,-1.4335621799108,1,1,-0.579026452784536,0.772180330008268,0,23808
"543",0.704167283929716,-0.790607785722698,27,5,2.02279460124328,0.388215313199908,0,25388
"544",-1.19736350236541,0.885112455057677,2,6,-1.40944081364363,0.032627907814458,0,31145
"545",0.866366132112773,0.903076085954568,26,3,1.31783561304849,0.396214288892224,0,29059
"546",0.864152486225893,2.00557327430063,4,2,0.323121002574827,0.958923527505249,0,30607
"547",-1.19862235906875,-0.00358030839978085,12,2,-0.388600519991625,0.522330810083076,0,14280
"548",0.639491997900534,-1.49582681398214,7,1,-0.172836903387074,0.673792657442391,0,33664
"549",2.43022665234451,-0.768417027015159,23,4,1.33897466777892,0.0102066865656525,0,34598
"550",-0.557215481941608,0.408488504840148,17,5,1.70380587237689,0.505596571369097,1,27022
"551",0.844904241408072,1.90013633489472,6,5,-1.67846782105134,0.752790449652821,0,35569
"552",-0.782201845619403,0.110009123439723,13,7,3.42109460835705,0.451706958236173,0,30747
"553",1.1107114182028,1.14038682512847,13,3,2.57794265437777,0.7646165760234,0,28063
"554",0.249824719926562,0.768081304692261,27,2,-0.52532183465562,0.562582415761426,0,27402
"555",1.65191539162316,-1.16809162211733,14,4,-0.0643819052069338,0.735405725659803,0,28283
"556",-1.45897072853692,-0.171112652264859,28,1,-0.663547355536672,0.730329097248614,0,23923
"557",-0.0512978861253612,1.30526153634768,12,5,-0.0930010885901879,0.3404902133625,0,29874
"558",-0.526925176125598,0.876096109595914,24,6,0.739859438245835,0.69749222882092,0,30698
"559",-0.197264869076299,0.463796141567798,23,2,0.103362814930562,0.539553300710395,0,23805
"560",-0.629578742686005,0.477114245376879,10,2,0.192006998204335,0.878918587230146,0,23122
"561",-0.833843580535001,-0.491405300209402,28,7,1.47880760269639,0.0756559933070093,1,26408
"562",0.57872237461645,-1.3193853133442,15,3,-2.20386847858085,0.376636961940676,0,21264
"563",-1.08758071407693,1.29542579083131,10,7,-0.491443047401821,0.640494304243475,0,28110
"564",1.48403093155628,-1.42021949166693,13,6,0.144417271262889,0.0253231811802834,0,34990
"565",-1.18620658531375,-0.93889591970583,15,7,-0.783100637317684,0.206948393490165,0,25196
"566",0.10107915139528,0.62896499251984,25,6,1.06096624028704,0.63380507635884,0,33019
"567",0.532989286826481,-1.2621945493896,28,3,-0.445505642122027,0.906062740366906,0,26813
"568",0.586735339092625,-0.551870413272792,14,3,-0.429180153772765,0.495895808795467,0,23837
"569",-0.30174666386638,-1.18279950678248,11,1,1.18901180052985,0.177268835250288,0,29104
"570",0.079501995328401,0.62066355772895,7,7,0.834294073061504,0.754682869650424,0,32866
"571",0.961264151809677,0.446313016638096,1,4,-0.150307477864079,0.0197430315893143,0,30775
"572",-1.45646591707643,0.421884693273688,21,3,-0.327757132786462,0.61984478845261,0,18700
"573",-0.781739711532082,0.442464772145637,21,6,-1.44816529018399,0.568540341220796,0,26593
"574",0.32040231431661,0.557245746378939,1,6,-0.697284584551622,0.151367743965238,0,34215
"575",-0.444781978336992,0.639356491970517,6,6,2.59849023212988,0.0514920111745596,0,30193
"576",1.370003993971,-1.96866155667422,16,4,-0.0374150136340493,0.0419034035876393,0,25847
"577",0.673253863354836,-0.148816361359868,5,1,0.91349189044332,0.176743572345003,0,36282
"578",0.0721667524147558,0.112463812551901,8,7,-0.184526498264729,0.244874295778573,0,37329
"579",-1.50775731753668,0.72467620264776,27,1,0.609824296161446,0.789310839492828,0,24603
"580",0.0261002253262418,-1.18748607600528,11,6,-0.0527268089879745,0.173625290160999,0,28221
"581",-0.316415868196993,-0.499600189815913,29,4,1.36392195568146,0.96941964305006,0,27083
"582",-0.102346513520598,-1.07364299075116,22,4,-0.503633417134383,0.491235287394375,0,21408
"583",-1.18155922705569,1.05724021270968,5,6,-1.7090601686817,0.396399352466688,0,35648
"584",0.498658043829925,1.27907258320933,18,3,0.898549683127699,0.509859573794529,0,26259
"585",-1.03895644030703,0.787676725359233,25,6,-0.237734026494317,0.834387979470193,0,27094
"586",-0.22622198144241,-1.22240338257699,22,6,1.46340758053025,0.0560996988788247,0,27259
"587",0.381425829451352,0.451952116736654,14,6,0.124378266479307,0.0841998853720725,0,34466
"588",-0.783515789013048,1.15044918638092,15,3,1.45374084383311,0.932648471090943,0,29305
"589",0.582991405680064,0.167940980736459,17,2,0.350226959507424,0.958229623734951,1,26829
"590",-1.31651040165169,-0.56610933289597,6,6,-0.349025479659772,0.396679195109755,0,25152
"591",-2.80977467896054,-1.08611824061135,26,1,0.725598607819829,0.497970516560599,0,15046
"592",0.464967990785852,-0.665302795560156,5,1,-0.459238429621469,0.400459184544161,0,35179
"593",0.840539826961,0.714848355949339,17,1,1.68475923125394,0.217730683740228,0,30006
"594",-0.285845423591384,-0.431661100381928,14,5,0.146584016803509,0.748647225787863,0,25690
"595",0.504126254591608,0.227614939940088,6,5,-2.02985709292959,0.654516799142584,0,32654
"596",-1.15591652508367,1.2949457956703,29,2,-0.472170080106029,0.520452808355913,0,19615
"597",-0.127148606825662,0.578334940469455,10,6,-1.63237192678704,0.209185987478122,1,30522
"598",-1.94151837604062,1.36467278147354,2,6,-2.1783553060946,0.736354648601264,1,30339
"599",1.18118089143852,-1.70157980266041,22,5,0.0592086510876087,0.52006751880981,0,29619
"600",1.85991086154316,-0.280676279713792,17,7,0.647860636697636,0.167008537566289,0,39443
"601",1.07401226028199,0.0650680194921931,1,2,-0.761426888665313,0.54053119244054,0,24093
"602",-0.0273469664137418,0.578589291608515,9,1,-1.32884232612394,0.377766134683043,0,30300
"603",-0.0333303422759193,-1.16920662152897,26,7,-0.602030747228367,0.878823065431789,1,30601
"604",-1.5160676231511,0.806184855447289,7,6,-1.55052527235048,0.869725200580433,0,27343
"605",0.790385343888228,0.307390076162333,2,3,0.703001795150071,0.285496015800163,1,32419
"606",-0.210734180691776,0.263806013604717,21,3,0.574503005108308,0.300158853176981,0,21436
"607",-0.656742925361075,0.508484791605046,15,7,-1.59529150956621,0.353703701170161,0,32305
"608",-1.41202579265831,-0.116358439876994,12,1,-0.624068861570706,0.463118393206969,1,27247
"609",-0.299762496646272,0.925546098499114,13,5,1.04721605508961,0.549339805729687,0,25363
"610",-0.849061135016708,0.64822977373149,27,4,-0.168059235328074,0.478740701219067,0,23582
"611",-0.397030520327837,-0.150209374167699,27,7,0.00951589246488359,0.815240435302258,0,29775
"612",-1.2175999877636,1.0403770193407,7,6,0.417240223978003,0.181943101109937,0,25615
"613",1.6875894829457,0.292558684946182,17,5,0.626834196680769,0.970993318362162,0,36325
"614",-0.0160025272079689,0.668751399439465,2,2,1.20624313870859,0.637045002542436,0,30472
"615",1.07494507727239,-0.594177641624221,16,4,0.772565368613624,0.943196493200958,0,30427
"616",-2.60169967025765,1.58043183698592,4,4,-1.37756706406485,0.520417002262548,0,20085
"617",-0.453197829994837,-0.0039889443499837,22,2,-0.362426925315183,0.831536641111597,0,23549
"618",-0.675482291592071,0.847842768893476,4,6,0.302298495796781,0.971064798301086,0,35428
"619",-1.22292617936591,-0.100116525892691,6,3,-0.109079876118132,0.0285152515862137,0,15516
"620",1.54660915422409,-0.279629906980599,23,5,-2.17916528120393,0.175701659172773,0,33629
"621",-1.41528191976949,0.784438245280006,13,4,-0.758114724994385,0.828263339586556,0,19299
"622",0.318390260408025,-1.58461664459117,16,4,1.01455115132308,0.624062089249492,0,27663
"623",0.846436285579692,0.47836614779403,26,5,0.158047162065185,0.774401322938502,0,32677
"624",0.178190188418023,0.393566372994815,22,1,-1.47256043761472,0.766679633408785,0,34460
"625",-0.875255477495516,-2.69532936912452,22,4,0.215926206229537,0.242652043467388,0,18555
"626",0.941165806724167,0.368377328533257,18,2,-0.158707473207847,0.239164327504113,0,26421
"627",0.170588081840838,-2.16841774734701,3,4,0.671853873401115,0.286060617072508,0,28312
"628",-1.06349790638204,0.65980437689272,24,5,2.10655860175097,0.0764803974889219,0,21630
"629",-1.38804904760206,-0.45391373338119,22,5,-1.51590013106286,0.085476138163358,1,18014
"630",2.08671743449315,-0.694936825234894,26,2,-0.505063521990801,0.566956377122551,0,28800
"631",-0.678503145418437,-0.00684630317266509,3,3,-0.138762940342402,0.494994614971802,1,25462
"632",-1.85557165391804,1.37305204498399,25,1,-2.13620500038377,0.275384552311152,0,24175
"633",0.533259362753652,-0.635323077217894,8,3,-0.031219995960159,0.536106708459556,0,23465
"634",0.310230256060895,0.558103293948777,10,5,-0.593169037912431,0.514006906189024,0,31605
"635",-1.3538343357226,0.341157868421877,26,1,2.23560276857964,0.0397537823300809,0,24144
"636",-1.94295641358195,-1.17951862914156,6,7,-2.91797621388336,0.427569730672985,0,24476
"637",-0.116302517158606,-1.74102201733397,1,6,1.48822116820748,0.0569004286080599,1,25453
"638",1.13939629170942,-1.99258577123914,21,7,1.00802466769112,0.386792527744547,0,33573
"639",0.636124035182149,0.551274211467889,2,4,0.735091629620298,0.569257872877643,0,32478
"640",-0.492937424161977,-0.0347420615312984,24,3,0.146811992724805,0.133655352983624,0,20301
"641",-0.834188231584378,1.85057170361062,27,4,-0.710800295204202,0.152237558504567,0,22318
"642",0.271066756750545,0.573675108263045,5,1,1.10563140078162,0.30066529661417,0,36740
"643",0.157353347216158,0.849695891082609,7,2,-0.885747065035595,0.38238749676384,0,26679
"644",0.629711746692728,1.33438358533495,24,3,0.694761817861876,0.199468548875302,1,28354
"645",-0.395797950288896,-0.500719097964974,26,3,0.402639185314637,0.843204752309248,1,25214
"646",0.899354053203099,0.510097928228489,8,5,1.07623819643517,0.310485864756629,0,27997
"647",-0.830811527336248,0.868793270244154,13,1,-0.596546431488492,0.335086278384551,1,26923
"648",-0.330544700119963,1.36935168800303,12,4,-0.580987627977025,0.68332123127766,0,27692
"649",0.740814523725905,0.762651146326369,20,2,0.302076563812211,0.550555258290842,0,28109
"650",0.989971608627113,0.421147173037333,9,4,0.305685155514337,0.1208088058047,0,30408
"651",-1.93850470145338,-0.868224047271223,23,1,1.37399835400225,0.730977173661813,0,25408
"652",0.107190407016153,0.729560360957693,10,6,0.485399428386068,0.404349791584536,1,35413
"653",0.60877901173463,0.500265872418287,8,6,0.144840039347648,0.130367048084736,0,29941
"654",-1.45082431349063,0.634250253706911,1,2,0.842619843915447,0.812901060562581,0,17396
"655",0.480625599875217,0.423645045572256,12,4,-0.543607815762762,0.893006556434557,0,25881
"656",-0.828174270396797,-0.201838044710004,18,5,1.0929718962791,0.933463417924941,0,22567
"657",1.02025301216443,-0.0768658984340142,10,1,-1.02254160386159,0.82043270021677,0,35557
"658",0.538482032102641,0.687364113281517,6,5,0.338147371372873,0.458051449852064,0,30999
"659",0.769052294995609,0.17163150692454,29,7,-1.70684576361273,0.898484825855121,0,34972
"660",0.120719329287034,-0.830108574326988,8,7,0.246449258206672,0.319589828141034,0,31767
"661",0.863648434157753,-0.290159119805667,16,6,-1.56796313114203,0.334980658022687,1,32011
"662",1.38051452831454,-1.31912572417651,4,1,-0.231484944965333,0.700347830774263,1,38477
"663",1.96624801545563,-0.967031902668912,20,6,-1.75745545006646,0.0715533257462084,0,36738
"664",-0.028395054749065,-0.144611070135517,14,3,-0.639619829898748,0.519886878086254,0,22795
"665",-2.2490510903324,-1.79813255637493,11,3,-0.776166909934286,0.695381519617513,0,10311
"666",0.0315260045939917,-1.68854247459158,12,1,0.554774652987968,0.719801156315953,0,27622
"667",0.205561208449975,1.10256519943608,12,3,-0.582122130085705,0.731887726578861,1,27434
"668",-0.155345347144399,-0.57661892421144,24,3,-0.768595101872549,0.953376636141911,0,21796
"669",0.568288620777075,-1.85169172955149,27,4,1.22151568781476,0.994463213253766,0,25171
"670",1.01067796451426,-0.112863239428975,23,6,1.66917040967207,0.37988703767769,0,32241
"671",-0.517982430167822,1.32106926722151,11,5,1.09348038421025,0.957237668801099,0,27317
"672",-0.29409532715611,0.662254296934641,21,3,-1.49124250514145,0.584166054613888,0,23546
"673",0.397842208800339,0.441383198353637,15,6,1.27665308259526,0.321007711114362,0,31224
"674",-0.550223741489138,1.18374591227984,1,3,-1.2285375707397,0.0951407013926655,0,21936
"675",0.0912673834882354,-0.771501441100894,19,7,-0.0719510219818068,0.157020907150581,1,29216
"676",-1.9617075988853,0.729689191352037,19,6,0.734458203312735,0.134987444384024,0,24924
"677",-1.11989972139762,-0.58708561577886,10,3,-0.213887080390025,0.732696560677141,0,23035
"678",-1.32775547560413,0.000764186362514016,1,2,-0.150392803617815,0.27381234173663,1,16203
"679",-0.853623696727242,2.21446531934013,29,2,0.125382426230553,0.976882553426549,0,24142
"680",-0.693304527930666,0.969434395709261,29,7,0.427858022106523,0.372449159622192,0,34341
"681",0.38230514254637,0.768007713717215,3,4,0.411350679073257,0.118378035491332,0,31071
"682",0.982113002522641,-1.10832791181816,16,7,-1.72636125386664,0.134220018051565,0,33668
"683",-0.727383529087535,-0.786235919994713,29,7,-0.175648234059894,0.217547838576138,0,29495
"684",-0.996838982378005,2.2841164802616,4,4,0.286838523204975,0.88829456595704,0,27218
"685",-1.04168885898951,-1.09330076397331,11,3,0.590740011639347,0.959741576109082,0,18126
"686",-0.414588726363674,0.214479375285073,15,5,-0.31736028416263,0.181900812545791,0,24799
"687",-0.239029068152564,0.892571059637072,27,7,-0.702651640434172,0.966908853501081,0,31736
"688",0.483617533838269,1.01875797234226,17,7,-1.36758780159598,0.246830420568585,0,36634
"689",-0.32132484216839,1.08911201091924,1,3,-0.728807248919832,0.577129889279604,0,23840
"690",-2.07848926886002,-0.163128989885215,25,6,-0.121524925642922,0.115949960425496,0,25933
"691",-0.0914342755501383,-0.820986697119997,25,3,-0.635206048873192,0.0525914060417563,0,15787
"692",1.18718681065156,-0.307257232988639,26,4,0.594702688120578,0.447265118360519,0,31176
"693",1.19160126851033,-0.902098008539463,24,2,0.367501230897759,0.293712766375393,0,24163
"694",-0.78896321811123,0.627068743114984,1,5,-1.60873843468627,0.399085849756375,1,24744
"695",-1.54777654363757,1.12035502842611,3,3,0.317331844798329,0.878479368519038,0,21482
"696",2.45806049186527,2.12721355249353,25,5,0.541704658217943,0.718290420481935,0,42140
"697",-0.162421942479419,0.366114382931719,7,7,-0.261326989914513,0.984369464917108,0,35823
"698",-0.0974512501056172,-0.874781377193686,1,1,-0.0264957619663642,0.00191071233712137,0,29279
"699",0.420574188698147,1.02447486299323,17,5,-0.432238306953734,0.493666440714151,0,29054
"700",-1.61403945661912,0.90475889369531,22,6,-0.293386742786612,0.360887944931164,0,28610
"701",-0.728219111191288,-0.238248695902827,26,5,-1.00704012536731,0.263874760596082,0,23753
"702",-1.54044240529001,-1.55785490387231,2,7,0.425207599639901,0.286381471436471,0,29239
"703",-0.693094614010595,0.761309895393914,7,6,-1.22481659233549,0.61992632993497,0,28997
"704",0.118849433004561,1.12914439564163,13,7,-0.590464655327117,0.855214308016002,0,34878
"705",-1.36470945798691,-0.295107830705934,12,7,-0.91363806913849,0.557596645550802,0,27003
"706",0.589982679367313,0.536242818358026,17,4,-0.870917714356669,0.174281557556242,0,26336
"707",0.289344028817336,-0.275890474750511,28,6,-0.368555639793572,0.181586579419672,0,33292
"708",-0.904215025620639,0.682315245137513,29,5,-0.485252516092759,0.163597623584792,0,25916
"709",0.226324942381064,-0.117290714714849,4,1,-0.699961879182035,0.723035922041163,0,35351
"710",0.748081162493843,-0.344675863920062,8,4,-0.253433896782625,0.960323727922514,0,30147
"711",1.06109525326174,0.11162049819721,25,2,-1.58489760807918,0.917802998330444,0,25192
"712",-0.212848278646528,-0.283405314982296,29,4,0.111038367521325,0.425121857784688,0,26460
"713",-0.0936367939110456,-0.591017164454285,20,1,0.631846158956852,0.50523414183408,0,29836
"714",-0.0867141349819251,-0.315936931242398,3,6,-1.28309869203391,0.782588947797194,0,35229
"715",1.44146175605504,-0.00815215232553516,4,1,-1.41310062159301,0.734260602388531,0,39323
"716",1.12507189227799,0.207495140718474,10,1,2.23199711011046,0.460265184054151,0,33862
"717",0.834401567757039,1.53242362162584,8,7,0.239507240812717,0.599512323737144,0,36844
"718",-0.287340799840693,-1.35799783095348,8,7,0.0531929269048023,0.95762896980159,0,31663
"719",0.373241434166406,-0.199619050552942,23,3,-0.198507455577018,0.677803740138188,0,27279
"720",0.403290331220696,0.631523127780826,6,5,0.492647761120744,0.412508244626224,0,32721
"721",-1.04167329428932,1.76202090344287,18,5,0.037241061093232,0.415420495439321,1,25905
"722",-1.72830451532074,0.426014362615495,21,5,-0.545911952356732,0.103356841485947,0,19350
"723",0.641830027651616,-0.0137534164753999,27,7,-0.432476067022042,0.884517358848825,0,38672
"724",-1.52931053118042,-0.307556909596359,21,6,-0.344484706333552,0.987160552060232,0,21632
"725",0.00168368848420991,0.41430816410829,8,3,-0.319669395772421,0.591654536081478,0,23599
"726",0.250247821348331,0.98905792019639,1,1,-0.751698873596972,0.904627243755385,0,34898
"727",0.563867390305883,-0.183858310546053,2,4,1.07410152344092,0.307537869550288,0,30066
"728",0.189426237514811,0.163761406846557,5,3,0.0938221556594885,0.675971989752725,0,25285
"729",-0.732853806297125,0.216936344144384,25,5,-0.773066829488245,0.735802229959518,0,26353
"730",0.986365859895462,0.729277634209656,2,6,0.591248734948418,0.407512200530618,0,43826
"731",1.73863376690625,1.11138040702469,8,5,0.350228478678131,0.830791447078809,1,34802
"732",0.881178808925443,0.279160816939631,26,4,-0.137579581182907,0.604003484128043,1,28376
"733",-1.94365090132398,-0.0761706715471799,16,2,0.400881867040071,0.470313088735566,1,12853
"734",1.39957618540294,1.39466313220858,24,4,-0.906378995284437,0.154890748905018,0,35868
"735",-0.056055946186268,0.164534117605585,28,6,-0.198840252562068,0.00370134157128632,0,28612
"736",0.52491427931929,1.57785197879348,21,2,-0.999154704327225,0.926947171334177,0,26028
"737",0.62203323587106,-0.0619226576195498,12,5,-1.1838104344236,0.949097402859479,0,29053
"738",-0.0966860732067051,0.613922964193686,29,6,-0.331398650181689,0.502625689376146,0,30028
"739",-0.0752631976487263,-1.54608859424524,28,3,0.168024801248484,0.22643751394935,0,19486
"740",1.0191570693309,-0.112391961337408,16,3,-0.913005530683512,0.862200560513884,0,29272
"741",0.711601922486244,-0.0217945399608857,4,1,-0.17505812828446,0.363490638323128,0,37403
"742",0.990262246044231,-0.758345417416546,19,4,-1.83044612088624,0.489985575666651,1,29427
"743",2.38292669523033,-1.0358928844223,24,6,-0.446737251934726,0.947236634092405,0,37983
"744",0.664415863694087,0.948159302551811,4,4,1.17066727472609,0.557592531200498,0,34773
"745",0.207381157385307,0.91415873392772,18,7,-1.15141589767973,0.0288454110268503,0,28153
"746",-2.21063311057562,-1.29873199484646,29,1,-1.19293202004669,0.908482829807326,0,22674
"747",2.69171400324612,0.424378794934342,7,7,-0.21986145850709,0.134245492052287,0,43885
"748",-0.482676821796308,-1.11254531995509,13,5,0.534670732983126,0.297349142841995,0,22986
"749",2.37473471509539,-1.05107322618156,3,6,1.23610916552029,0.226792799774557,0,43178
"750",0.374643568004988,0.525412448266355,9,4,2.65374072860382,0.155072540976107,1,25048
"751",1.53843019889679,-0.686024000093054,16,3,0.800893238074751,0.0946114584803581,1,26987
"752",-0.109710321176239,0.993479982122214,10,3,0.671453526553663,0.567411372903734,1,25026
"753",0.511470754698125,0.0385235990753455,18,3,2.02792411706594,0.865049017127603,0,23132
"754",0.213957979642262,0.536148975785724,29,1,-0.300924303869464,0.0332187835592777,0,31624
"755",-0.186120699373496,-0.523626697886161,18,2,-0.213349405510672,0.896973995957524,0,21593
"756",-0.120393824622494,-1.15122133494359,5,2,0.253270149612449,0.846695490647107,0,23863
"757",1.01283433584425,0.914752241002756,21,3,-1.42008804484053,0.691770844860002,0,26761
"758",-0.2014581469715,0.238071491562714,20,1,-1.83543665542799,0.658106258837506,0,32762
"759",-2.0376824944408,-0.239067759454706,10,6,1.80678937403827,0.330183754209429,0,18958
"760",-0.195889248829828,0.0692353265457363,13,4,-0.574995742510381,0.151213102973998,0,21567
"761",0.539790605536274,1.32590834259925,9,5,-0.457880856793051,0.335899611702189,1,30431
"762",0.61645571635144,-0.698166634620072,25,1,-0.992955765989436,0.540553047787398,0,35239
"763",0.616567817477434,-0.749408444463181,18,1,0.144072596665995,0.284992676926777,0,31937
"764",-1.69210152086908,-0.619615052707355,24,2,0.591140522435689,0.429799321573228,0,15393
"765",0.368742058011194,-1.58499126820987,9,1,-0.228611237873408,0.299893669318408,0,29066
"766",0.967859209947064,0.819628137503742,5,7,0.0147046935473733,0.425100823398679,0,41710
"767",1.27657868146766,0.192369646744246,26,4,0.951392914928735,0.685390213271603,0,32576
"768",-0.224961271044116,0.207171974217929,1,6,-0.0107680770137928,0.0123513322323561,0,30842
"769",-0.321892586182801,-0.0433473543476873,17,4,-0.561343472177005,0.81839443789795,0,27480
"770",1.48783783187804,-0.51016044142411,29,1,-0.0606100814465088,0.112453321926296,0,33781
"771",-1.66792804577932,-0.823418613776223,8,1,-0.842326346047997,0.323987307492644,0,21707
"772",-0.436829976913125,0.851856403292672,29,4,0.101888083639531,0.654709924012423,0,26230
"773",0.457462079357455,-1.42618467292015,2,2,-0.897925784148349,0.625133104156703,0,29175
"774",-1.61777376538123,0.440298941965411,8,6,1.39392544527667,0.830019311280921,0,24128
"775",0.279627862431757,-0.792611650757683,8,4,-2.48652390438096,0.00852117035537958,0,25743
"776",1.87786402105219,0.282310214545467,28,4,0.401294135810678,0.894528293516487,0,33033
"777",-0.00406065343634058,-0.740690522190153,29,7,-0.488027222960909,0.530225597787648,0,30897
"778",-0.278454024963586,-0.52334168268403,22,1,1.9871488081498,0.326976994751021,0,30561
"779",0.474911714034054,1.76936591702701,9,1,-0.234463430687309,0.189851990435272,0,31042
"780",-0.279072170787307,0.668282618933513,12,4,0.481837360399392,0.627366825006902,0,26165
"781",0.813400374079065,-2.14489702427566,6,1,0.386893969204339,0.864014130318537,0,32541
"782",0.904435464449695,0.126412416100317,23,2,0.247672409336777,0.657493957551196,0,25995
"783",0.00269166123012091,-0.451812936257225,22,1,0.518119835350654,0.882154174381867,0,31759
"784",-1.17669215774973,-1.13662618777767,15,2,1.99741373388409,0.0817861615214497,0,14283
"785",-1.31822072745909,0.209785890431194,20,4,0.927508823680672,0.0140282560605556,0,20402
"786",-0.592997365655317,0.129965516019362,22,1,0.19642414887758,0.205572095233947,0,28116
"787",0.797380500549836,-0.328506572568084,23,5,1.79026621898744,0.821818514261395,0,30736
"788",-1.95820517465693,1.97270356733745,18,6,0.583197749189959,0.320541796041653,0,23000
"789",-1.88632515873255,-2.24869006681656,12,3,0.650333599101656,0.285789218498394,1,12136
"790",-0.653779824760103,0.838219387278491,20,5,1.2450301486185,0.145073055056855,0,24207
"791",0.394394847980585,-0.289023270462573,26,1,0.161106626019968,0.43488878570497,1,31005
"792",-0.913566048164992,0.656513410579383,13,5,0.725490691457639,0.878842318663374,0,27550
"793",0.886749037096059,-0.453997700638682,4,2,-0.274480218132268,0.815540694165975,0,28321
"794",0.333369970155182,-0.593864562445098,18,2,0.124836065396146,0.543429984711111,0,23102
"795",-0.17063961823861,-1.71037966639463,14,3,0.0396426273274589,0.754641007166356,0,20964
"796",0.81882813653178,-0.209448428272738,27,5,-0.63973303753229,0.800039710011333,1,30650
"797",0.388365162819368,2.47874580135709,7,3,2.03465321892986,0.206386574311182,1,30059
"798",-0.445935027212156,0.989702208129369,23,5,-0.558897599388836,0.274365730350837,0,26981
"799",0.23111493441816,1.67557215582683,22,7,-0.355779410672021,0.625541141023859,0,36582
"800",0.647513357977592,0.914965318314041,20,4,1.32441739035745,0.230331749888137,1,27490
"801",0.356283344862047,1.14426270796186,16,2,-0.0206222292289781,0.320223031565547,0,24804
"802",-0.658010207949479,0.902876414499107,18,6,1.16812642718924,0.165994961746037,0,27649
"803",0.855202205064192,0.475392431765103,26,4,-0.607357120914811,0.894688707776368,0,31276
"804",1.15293622555862,-0.582528773997008,15,1,-0.0128416593054387,0.778464655159041,0,37080
"805",0.276274556543337,-0.532934737323476,29,2,-0.250936878426421,0.0580364556517452,0,21462
"806",0.144104662462187,-1.60083999637529,3,1,-0.969113640406662,0.626516185235232,0,28580
"807",-0.075625080779838,-0.00581771387999253,17,1,-0.30331195336701,0.79382195067592,0,29056
"808",2.16141584630279,0.899355675856713,6,5,-0.655267139665184,0.469419810222462,0,35254
"809",0.276315532135793,1.03192255652607,9,6,0.857447324947049,0.917901851935312,0,36239
"810",-0.158294028699944,0.0951327044554184,25,4,-0.290983583023627,0.441465414129198,1,25384
